[
  {
        "title": "Blog Post One",
        "body": [
          "Lorem ipsum dolor sit amet, consectetur adipisicing elit. Dolorem deleniti quae, neque libero voluptate maiores ullam unde voluptatem assumenda velit dolores impedit quis qui! Neque, cupiditate labore nulla? Atque, tenetur.",
          "Numquam nobis nam voluptas blanditiis eveniet in quasi possimus voluptatem temporibus doloremque delectus dolorum, voluptatum laborum aut dolorem? In rerum necessitatibus soluta incidunt nihil numquam fugit quas pariatur dolores nesciunt?",
          "Quibusdam placeat quisquam iure repellendus ad in, nihil numquam quaerat, facere alias illo. Tempora perferendis incidunt, ratione eveniet esse earum, corporis sit? Modi enim commodi odio placeat minus, error id?",
          "Corrupti voluptates asperiores ratione laudantium, eveniet molestiae possimus deleniti officia, incidunt quae et. Amet, ducimus eum ipsa reprehenderit ad, et nihil, veritatis ea doloremque ab placeat dolore impedit, quia eius."
        ],
        "author": "Aditya Kumar",
        "comments": [
          {
            "body":"Lorem ipsum dolor sit amet, consectetur adipisicing elit. Dignissimos possimus porro earum dolor sint fuga laborum velit laudantium distinctio quos sunt veritatis unde inventore, autem ad tenetur voluptatibus mollitia vel!",
            "author": "someguy"
          }
        ],
        "likes":0,
        
        "createdOn":1408547127216
  },
  {
        "title": "Blog Post Two",
        "body": [
          "Lorem ipsum dolor sit amet, consectetur adipisicing elit. Dolorem deleniti quae, neque libero voluptate maiores ullam unde voluptatem assumenda velit dolores impedit quis qui! Neque, cupiditate labore nulla? Atque, tenetur.",
          "Numquam nobis nam voluptas blanditiis eveniet in quasi possimus voluptatem temporibus doloremque delectus dolorum, voluptatum laborum aut dolorem? In rerum necessitatibus soluta incidunt nihil numquam fugit quas pariatur dolores nesciunt?",
          "Quibusdam placeat quisquam iure repellendus ad in, nihil numquam quaerat, facere alias illo. Tempora perferendis incidunt, ratione eveniet esse earum, corporis sit? Modi enim commodi odio placeat minus, error id?",
          "Corrupti voluptates asperiores ratione laudantium, eveniet molestiae possimus deleniti officia, incidunt quae et. Amet, ducimus eum ipsa reprehenderit ad, et nihil, veritatis ea doloremque ab placeat dolore impedit, quia eius."
        ],
        "author": "Aditya Kumar",
        "comments": [
          {
            "body":"Lorem ipsum dolor sit amet, consectetur adipisicing elit. Dignissimos possimus porro earum dolor sint fuga laborum velit laudantium distinctio quos sunt veritatis unde inventore, autem ad tenetur voluptatibus mollitia vel!",
            "author": "someguy"
          }
        ],
        "likes":0,
        
        "createdOn":1408547127216
  },

{
        "title": "Blog Post Three",
        "body": [
          "Lorem ipsum dolor sit amet, consectetur adipisicing elit. Dolorem deleniti quae, neque libero voluptate maiores ullam unde voluptatem assumenda velit dolores impedit quis qui! Neque, cupiditate labore nulla? Atque, tenetur.",
          "Numquam nobis nam voluptas blanditiis eveniet in quasi possimus voluptatem temporibus doloremque delectus dolorum, voluptatum laborum aut dolorem? In rerum necessitatibus soluta incidunt nihil numquam fugit quas pariatur dolores nesciunt?",
          "Quibusdam placeat quisquam iure repellendus ad in, nihil numquam quaerat, facere alias illo. Tempora perferendis incidunt, ratione eveniet esse earum, corporis sit? Modi enim commodi odio placeat minus, error id?",
          "Corrupti voluptates asperiores ratione laudantium, eveniet molestiae possimus deleniti officia, incidunt quae et. Amet, ducimus eum ipsa reprehenderit ad, et nihil, veritatis ea doloremque ab placeat dolore impedit, quia eius."
        ],
        "author": "Aditya Kumar",
        "comments": [
          {
            "body":"Lorem ipsum dolor sit amet, consectetur adipisicing elit. Dignissimos possimus porro earum dolor sint fuga laborum velit laudantium distinctio quos sunt veritatis unde inventore, autem ad tenetur voluptatibus mollitia vel!",
            "author": "someguy"
          }
        ],
        "likes":0,
        
        "createdOn":1408547127216
  },

{
        "title": "Blog Post Four",
        "body": [
          "Lorem ipsum dolor sit amet, consectetur adipisicing elit. Dolorem deleniti quae, neque libero voluptate maiores ullam unde voluptatem assumenda velit dolores impedit quis qui! Neque, cupiditate labore nulla? Atque, tenetur.",
          "Numquam nobis nam voluptas blanditiis eveniet in quasi possimus voluptatem temporibus doloremque delectus dolorum, voluptatum laborum aut dolorem? In rerum necessitatibus soluta incidunt nihil numquam fugit quas pariatur dolores nesciunt?",
          "Quibusdam placeat quisquam iure repellendus ad in, nihil numquam quaerat, facere alias illo. Tempora perferendis incidunt, ratione eveniet esse earum, corporis sit? Modi enim commodi odio placeat minus, error id?",
          "Corrupti voluptates asperiores ratione laudantium, eveniet molestiae possimus deleniti officia, incidunt quae et. Amet, ducimus eum ipsa reprehenderit ad, et nihil, veritatis ea doloremque ab placeat dolore impedit, quia eius."
        ],
        "author": "Aditya Kumar",
        "comments": [
          {
            "body":"Lorem ipsum dolor sit amet, consectetur adipisicing elit. Dignissimos possimus porro earum dolor sint fuga laborum velit laudantium distinctio quos sunt veritatis unde inventore, autem ad tenetur voluptatibus mollitia vel!",
            "author": "someguy"
          }
        ],
        "likes":0,
        
        "createdOn":1408547127216
  }


]